{
    "GRU": 1178.3656983164906,
    "CWB": 873.3378859996719,
    "MEX": 5379.761377757979,
    "BOG": 4001.34308102183,
    "EZE": 4325.933661985041,
    "CUN": 5315.716599451336,
    "AEP": 2823.0356052310726,
    "SCL": 2637.480415719009,
    "LIM": 3391.869681645526,
    "PTY": 3367.998446094868,
    "UIO": 3714.597141785271,
    "MVD": 2678.236183732327,
    "SJO": 3015.9268329855336,
    "ASU": 2593.347741213159,
    "SSA": 2323.0787767591273,
    "REC": 2091.7024594949476,
    "FOR": 2102.1825141269437,
    "NAT": 1784.5204137259961,
    "MCZ": 1851.4763183193045,
    "SLZ": 2084.36642125255,
    "JPA": 1554.541437079416,
    "THE": 1847.7755408342239,
    "BPS": 1839.8318131726421,
    "AJU": 1927.1656017726093,
    "IOS": 2812.1479929189436,
    "JDO": 2196.294219,
    "PNZ": 2223.337767401647,
    "CPV": 1912.4224595592004,
    "JJD": 3645.5452262655635,
    "FLN": 2323.0787767591273,
    "BYO": 4538.969883643228,
    "CGB": 1828.1873080259797,
    "FEN": 3365.2619873854023,
    "IGU": 3132.3718844521563,
    "LEC": 5026.001311402379,
    "MAO": 2998.46007526554,
    "MGF": 2509.390859105724,
    "GIG": 1836.5713517315767,
    "VIX": 2066.8996635325566,
    "CTG": 4983.848202771461,
    "CUZ": 3796.108677811907,
    "LIR": 16101.730604175951,
    "LIS": 5714.657345775986,
    "MAD": 7062.39237145068,
    "MIA": 4197.844105371756,
    "PUJ": 5082.826496518091,
    "PDP": 5764.030047597835,
    "ADZ": 6229.810253464326
}