{
    "GRU": 1655.9796027547518,
    "CWB": 2724.9188172313643,
    "MEX": 5759.421122808414,
    "BOG": 4321.376613453238,
    "EZE": 4789.782272518153,
    "CUN": 5969.704246967747,
    "AEP": 2600.326066166959,
    "SCL": 3031.581706630392,
    "LIM": 3574.8131107086706,
    "PTY": 3693.3894279429614,
    "UIO": 5623.379623873112,
    "MVD": 2868.0281656175775,
    "SJO": 3732.525453828171,
    "ASU": 3072.470091883596,
    "SSA": 3493.036340202263,
    "REC": 2605.1742604184105,
    "FOR": 4112.203316893634,
    "NAT": 1839.9773363941688,
    "MCZ": 2339.2245203357866,
    "SLZ": 4434.6374406046125,
    "JPA": 2520.4768909653453,
    "THE": 1847.7755408342239,
    "BPS": 2945.6576856197316,
    "AJU": 3148.4056644966886,
    "IOS": 3866.8730053744116,
    "JDO": 2196.294219,
    "PNZ": 2223.337767401647,
    "CPV": 1912.4224595592004,
    "JJD": 4480.198784172468,
    "FLN": 3387.8947781225966,
    "BYO": 4935.812219851024,
    "CGB": 2079.4664500200765,
    "FEN": 5029.271386144062,
    "IGU": 4182.297691613412,
    "LEC": 5396.565909675697,
    "MAO": 4182.297691613412,
    "MGF": 3414.1801686425133,
    "GIG": 2359.843948899188,
    "VIX": 2143.6612148676063,
    "CTG": 5649.898662308761,
    "CUZ": 3989.538161134023,
    "LIR": 11273.511934097605,
    "LIS": 6136.061562969354,
    "MAD": 8028.726504361222,
    "MIA": 5034.1195803955125,
    "PUJ": 5928.815861714544,
    "PDP": 4824.829459878042,
    "ADZ": 5683.485550195322
}