{
    "GRU": 993.97747509344,
    "CWB": 1525.7021411593023,
    "MEX": 5194.375228679762,
    "BOG": 4440.666724365837,
    "EZE": 3150.1090582447505,
    "CUN": 4617.8694577836895,
    "AEP": 2777.709623408348,
    "SCL": 2166.2641088216046,
    "LIM": 3299.476462522369,
    "PTY": 3517.849860589063,
    "UIO": 3715.2594124413545,
    "MVD": 2620.4807768003284,
    "SJO": 3109.637188469723,
    "ASU": 2634.10727683969,
    "SSA": 1974.095518522914,
    "REC": 1752.810475148664,
    "FOR": 2153.219937843754,
    "NAT": 1589.7001050193815,
    "MCZ": 1729.5173126882166,
    "SLZ": 2010.8404823042697,
    "JPA": 1782.0433940365253,
    "THE": 1847.7755408342239,
    "BPS": 1572.288466080197,
    "AJU": 1822.6899625300061,
    "IOS": 2445.782058346973,
    "JDO": 2196.294219,
    "PNZ": 2223.337767401647,
    "CPV": 1912.4224595592004,
    "JJD": 3243.223475180389,
    "FLN": 2335.139536659848,
    "BYO": 3709.4361218262425,
    "CGB": 1910.0393217566836,
    "FEN": 3342.5688130741964,
    "IGU": 2847.58911078969,
    "LEC": 5009.893381993019,
    "MAO": 2754.4164609479008,
    "MGF": 2067.2681683647033,
    "GIG": 1805.2200906846706,
    "VIX": 2119.67778390071,
    "CTG": 4868.270954233499,
    "CUZ": 3610.440181369341,
    "LIR": 4967.2668946904005,
    "LIS": 5677.47541810944,
    "MAD": 7841.060813248094,
    "MIA": 4105.419883653848,
    "PUJ": 4833.331210542828,
    "PDP": 5555.419246816696,
    "ADZ": 6096.985274022097
}