{
    "GRU": 877.228284,
    "CWB": 1335.222305138994,
    "MEX": 5107.025869453084,
    "BOG": 4228.698945975765,
    "EZE": 3831.7252247435913,
    "CUN": 4465.438892,
    "AEP": 2880.490702765072,
    "SCL": 2007.21726,
    "LIM": 3266.8660350777427,
    "PTY": 4885.740826078834,
    "UIO": 3325.098941228861,
    "MVD": 2509.838255113203,
    "SJO": 3616.263471984453,
    "ASU": 2566.3824069859393,
    "SSA": 1746.9871845335522,
    "REC": 1636.3446628464271,
    "FOR": 1982.4368,
    "NAT": 1665.246912,
    "MCZ": 1382.749668,
    "SLZ": 1818.8857639999999,
    "JPA": 1199.374264,
    "THE": 1847.7755408342239,
    "BPS": 1568.328628461921,
    "AJU": 1921.17950288,
    "IOS": 2113.854493285598,
    "JDO": 2196.294219,
    "PNZ": 2223.337767401647,
    "CPV": 1912.4224595592004,
    "JJD": 3116.6251372078573,
    "FLN": 1625.598176,
    "BYO": 2919.138188,
    "CGB": 1549.3447010566563,
    "FEN": 2608.8341955701044,
    "IGU": 2899.9987263256967,
    "LEC": 4602.670669278247,
    "MAO": 2573.8944518794337,
    "MGF": 1838.710132,
    "GIG": 1129.988976,
    "VIX": 1536.38852,
    "CTG": 5101.202578837972,
    "CUZ": 3261.0427444626307,
    "LIR": 5615.252236,
    "LIS": 5328.07798120273,
    "MAD": 6958.832285058649,
    "MIA": 4288.562373499115,
    "PUJ": 5072.086125762413,
    "PDP": 5485.5397594353535,
    "ADZ": 4505.94581216124
}