{
    "GRU": 1038.2927166744412,
    "CWB": 1444.1760725477366,
    "MEX": 5107.025869453084,
    "BOG": 4368.4579207384495,
    "EZE": 3436.0908603528924,
    "CUN": 4645.413622393169,
    "AEP": 2747.6032109282196,
    "SCL": 2160.440818206493,
    "LIM": 3261.0427444626307,
    "PTY": 4949.797022845065,
    "UIO": 3488.1510784519924,
    "MVD": 2603.010904954993,
    "SJO": 3721.082703056466,
    "ASU": 2523.231823527961,
    "SSA": 1787.750218839335,
    "REC": 1642.1679534615391,
    "FOR": 2170.748042595241,
    "NAT": 1968.272227907802,
    "MCZ": 1749.8988298411082,
    "SLZ": 2108.0312026704864,
    "JPA": 1252.4733454982547,
    "THE": 1847.7755408342239,
    "BPS": 1568.328628461921,
    "AJU": 2018.7601575408219,
    "IOS": 2113.854493285598,
    "JDO": 2196.294219,
    "PNZ": 2223.337767401647,
    "CPV": 1912.4224595592004,
    "JJD": 3111.6753401850124,
    "FLN": 2067.2681683647033,
    "BYO": 2968.6553226778656,
    "CGB": 1677.1076971522102,
    "FEN": 2544.777998803874,
    "IGU": 3226.1030007719596,
    "LEC": 4602.670669278247,
    "MAO": 2573.8944518794337,
    "MGF": 1968.272227907802,
    "GIG": 1613.0515003859798,
    "VIX": 1811.0433812997824,
    "CTG": 4618.684718469805,
    "CUZ": 3383.3318473799795,
    "LIR": 5578.712409277144,
    "LIS": 5368.841015508513,
    "MAD": 7043.269998977771,
    "MIA": 4367.46796133388,
    "PUJ": 5060.43954453219,
    "PDP": 5485.5397594353535,
    "ADZ": 6681.177788530116
}