{
    "GRU": 1502.9115179721346,
    "CWB": 2121.5857739140615,
    "MEX": 4928.966123990165,
    "BOG": 4882.915747769583,
    "EZE": 4225.66189907505,
    "CUN": 5240.988064769934,
    "AEP": 2538.8990691956446,
    "SCL": 3151.736775553214,
    "LIM": 3661.26755426765,
    "PTY": 3579.847687565859,
    "UIO": 3645.508870389884,
    "MVD": 2883.255494672755,
    "SJO": 2956.2123644772278,
    "ASU": 3331.502502751434,
    "SSA": 3305.3547606135116,
    "REC": 3314.8099709401713,
    "FOR": 4117.685731764431,
    "NAT": 3125.4723024236037,
    "MCZ": 3137.904153038286,
    "SLZ": 4861.84580377005,
    "JPA": 3428.9728808102095,
    "THE": 1847.7755408342239,
    "BPS": 3235.549627584592,
    "AJU": 3052.5154326191314,
    "IOS": 3589.4779943800495,
    "JDO": 2196.294219,
    "PNZ": 2223.337767401647,
    "CPV": 1912.4224595592004,
    "JJD": 4928.966123990165,
    "FLN": 3513.719580775085,
    "BYO": 5433.827663037116,
    "CGB": 4677.527567896031,
    "FEN": 3910.4882215197285,
    "IGU": 4985.522289462592,
    "LEC": 5959.9342425711275,
    "MAO": 4926.047849197987,
    "MGF": 2524.30769523475,
    "GIG": 2571.0000919096124,
    "VIX": 2701.388609624166,
    "CTG": 4860.153204390587,
    "CUZ": 4324.883242009132,
    "LIR": 18875.401355813137,
    "LIS": 5235.501708160637,
    "MAD": 6285.963902353355,
    "MIA": 4494.1431799555085,
    "PUJ": 4797.643758342115,
    "PDP": 4491.22490516333,
    "ADZ": 7108.917393747804
}