{
    "GRU": 1490.3219911955734,
    "CWB": 1519.6079216394292,
    "MEX": 5362.294620037986,
    "BOG": 4446.570735304463,
    "EZE": 4279.355641398392,
    "CUN": 4785.891615278202,
    "AEP": 2872.9323097845204,
    "SCL": 2637.480415719009,
    "LIM": 3351.2885812094078,
    "PTY": 3569.6230527093257,
    "UIO": 3720.4193943586024,
    "MVD": 2637.480415719009,
    "SJO": 3295.3949565054286,
    "ASU": 2714.741707367113,
    "SSA": 2579.2578899856976,
    "REC": 1752.498024572675,
    "FOR": 2406.744546237896,
    "NAT": 1630.2307205327209,
    "MCZ": 1967.9213697859273,
    "SLZ": 1956.8590898965983,
    "JPA": 1577.8304473727405,
    "THE": 1847.7755408342239,
    "BPS": 1938.286104187672,
    "AJU": 1979.5658749325896,
    "IOS": 2614.1914054256845,
    "JDO": 2196.294219,
    "PNZ": 2223.337767401647,
    "CPV": 1912.4224595592004,
    "JJD": 3649.3296904382287,
    "FLN": 2334.7232819057895,
    "BYO": 3825.219940678563,
    "CGB": 1822.3650554526487,
    "FEN": 3854.3312035452186,
    "IGU": 3545.6353721072014,
    "LEC": 5008.126996002252,
    "MAO": 2759.7477197589633,
    "MGF": 2760.9121702736293,
    "GIG": 2026.2603405707052,
    "VIX": 2097.000709336679,
    "CTG": 5257.494073718025,
    "CUZ": 3691.3081314919464,
    "LIR": 14375.141603554599,
    "LIS": 5413.297552580366,
    "MAD": 7871.685479143709,
    "MIA": 4919.803424464818,
    "PUJ": 5432.161650917959,
    "PDP": 5857.186088771133,
    "ADZ": 6678.123701610824
}