{
    "GRU": 1284.2899650140096,
    "CWB": 1780.4929060421496,
    "MEX": 5160.510586692656,
    "BOG": 4205.816128154515,
    "EZE": 4261.507611182849,
    "CUN": 4786.898960506763,
    "AEP": 2740.0910171739806,
    "SCL": 3222.400275853333,
    "LIM": 3690.290460834573,
    "PTY": 3642.4214712295056,
    "UIO": 4570.904739118043,
    "MVD": 2691.171244870265,
    "SJO": 3035.5944627603863,
    "ASU": 3200.8008537144606,
    "SSA": 3531.797403788526,
    "REC": 2825.437923030821,
    "FOR": 4314.046746115241,
    "NAT": 2925.437409852139,
    "MCZ": 3233.842131905276,
    "SLZ": 3350.1871273722268,
    "JPA": 3224.6185948838115,
    "THE": 1847.7755408342239,
    "BPS": 3214.577782430066,
    "AJU": 3043.5337098168366,
    "IOS": 3683.5771269265456,
    "JDO": 2196.294219,
    "PNZ": 2223.337767401647,
    "CPV": 1912.4224595592004,
    "JJD": 4716.846780596908,
    "FLN": 3648.551036971618,
    "BYO": 4407.449652661714,
    "CGB": 2288.721471288148,
    "FEN": 4530.040967503961,
    "IGU": 3729.111043867951,
    "LEC": 7546.195950339363,
    "MAO": 4472.481426344696,
    "MGF": 2767.061106439275,
    "GIG": 2621.1190649604105,
    "VIX": 2558.1304798581323,
    "CTG": 5183.861313329275,
    "CUZ": 4243.994566205386,
    "LIR": 8817.351131620275,
    "LIS": 5932.602362932442,
    "MAD": 7553.960066946038,
    "MIA": 4716.846780596908,
    "PUJ": 4925.135262195543,
    "PDP": 5639.200482743333,
    "ADZ": 6129.565742112318
}