{
    "GRU": 998.0511988272253,
    "CWB": 1162.4361021634743,
    "MEX": 5436.443588905945,
    "BOG": 4343.342690613938,
    "EZE": 3378.0510546658656,
    "CUN": 4912.290582839506,
    "AEP": 2589.06222754592,
    "SCL": 2911.9611448135515,
    "LIM": 3581.242536968279,
    "PTY": 5371.863805452419,
    "UIO": 5048.964888184787,
    "MVD": 3023.5080435060063,
    "SJO": 3041.120711720604,
    "ASU": 2558.3574759584703,
    "SSA": 2636.0293427848483,
    "REC": 2070.134313049811,
    "FOR": 2786.7350738077594,
    "NAT": 1849.3301625328,
    "MCZ": 2037.1986234885128,
    "SLZ": 3117.442273983863,
    "JPA": 1655.590812172221,
    "THE": 1847.7755408342239,
    "BPS": 2397.0841440068007,
    "AJU": 2495.1279970680635,
    "IOS": 2788.672467311365,
    "JDO": 2196.294219,
    "PNZ": 2223.337767401647,
    "CPV": 1912.4224595592004,
    "JJD": 3487.3083064904226,
    "FLN": 2272.034199683154,
    "BYO": 5819.519122573453,
    "CGB": 1980.0748695791663,
    "FEN": 4174.2023668597485,
    "IGU": 2800.4142461210968,
    "LEC": 5806.309621412505,
    "MAO": 3927.625011855375,
    "MGF": 2542.0951123069917,
    "GIG": 1555.7856922894982,
    "VIX": 1937.3935036057903,
    "CTG": 4420.779721864122,
    "CUZ": 4156.58969864515,
    "LIR": 19893.626166176644,
    "LIS": 5629.94810369033,
    "MAD": 7858.185468413183,
    "MIA": 4109.622583406222,
    "PUJ": 5054.835777589653,
    "PDP": 4872.838206038806,
    "ADZ": 5424.701810096213
}