{
    "GRU": 592.9598298914692,
    "CWB": 554.6229220776939,
    "MEX": 4525.16413548264,
    "BOG": 2582.017160260081,
    "EZE": 2122.502646541216,
    "CUN": 3364.019628988236,
    "AEP": 2172.640042058772,
    "SCL": 2008.4312654046694,
    "LIM": 2665.3837898091783,
    "PTY": 2670.3153369092656,
    "UIO": 3824.5321939059277,
    "MVD": 1761.2668214598093,
    "SJO": 3757.36921911426,
    "ASU": 2078.294849322575,
    "SSA": 1315.079226689991,
    "REC": 1591.0110287186944,
    "FOR": 1564.5333175027488,
    "NAT": 1900.817862613475,
    "MCZ": 966.818067193338,
    "SLZ": 1369.7372070492938,
    "JPA": 1133.081655139144,
    "THE": 1847.7755408342239,
    "BPS": 1233.4151550683046,
    "AJU": 1456.3328257710677,
    "IOS": 1383.4163793626315,
    "JDO": 2196.294219,
    "PNZ": 2223.337767401647,
    "CPV": 1912.4224595592004,
    "JJD": 2522.2515061185445,
    "FLN": 528.3800464379428,
    "BYO": 3076.3460481498005,
    "CGB": 1279.8538902607947,
    "FEN": 2528.0049777353133,
    "IGU": 1350.3045631191872,
    "LEC": 5835.664068436835,
    "MAO": 2201.583526824762,
    "MGF": 1032.2197751635456,
    "GIG": 730.397350859383,
    "VIX": 927.6005259688329,
    "CTG": 3165.8771115740074,
    "CUZ": 3220.3002563571154,
    "LIR": 16881.566357010128,
    "LIS": 3149.732165710626,
    "MAD": 6833.7152672640605,
    "MIA": 2967.4410496895357,
    "PUJ": 2735.8344626675707,
    "PDP": 3651.6932098266716,
    "ADZ": 4197.685924479212
}