{
    "GRU": 1456.219121297272,
    "CWB": 1999.0182326425477,
    "MEX": 4990.249894625922,
    "BOG": 4550.874441915467,
    "EZE": 4605.0376220583075,
    "CUN": 5597.251051399134,
    "AEP": 2544.7356187800024,
    "SCL": 3125.4723024236037,
    "LIM": 3574.5364274440935,
    "PTY": 4482.470080786793,
    "UIO": 4011.6356258166493,
    "MVD": 2848.2361971666082,
    "SJO": 2953.2940896850487,
    "ASU": 2968.352387612692,
    "SSA": 2912.438242594544,
    "REC": 3125.4723024236037,
    "FOR": 4284.027394918628,
    "NAT": 2824.889998829177,
    "MCZ": 3142.9819511766773,
    "SLZ": 4283.793932935254,
    "JPA": 3379.362209343168,
    "THE": 1847.7755408342239,
    "BPS": 2617.692488584475,
    "AJU": 2562.245267533076,
    "IOS": 3668.2714137688795,
    "JDO": 2196.294219,
    "PNZ": 2223.337767401647,
    "CPV": 1912.4224595592004,
    "JJD": 4879.355452523124,
    "FLN": 3218.8570957733286,
    "BYO": 5334.606320103033,
    "CGB": 4677.99449186278,
    "FEN": 5305.423572181244,
    "IGU": 4841.417880224798,
    "LEC": 5959.9342425711275,
    "MAO": 5024.276978702728,
    "MGF": 2322.946734574406,
    "GIG": 2711.0772819341996,
    "VIX": 2360.8843068727315,
    "CTG": 5984.155923346212,
    "CUZ": 4336.5563411778485,
    "LIR": 16830.040919470786,
    "LIS": 4898.3826041681305,
    "MAD": 6268.454253600281,
    "MIA": 4817.079468458026,
    "PUJ": 5130.210353658822,
    "PDP": 4365.739089099638,
    "ADZ": 6641.409772040745
}