{
    "GRU": 988.6848804492319,
    "CWB": 1685.818851737406,
    "MEX": 5350.516286753488,
    "BOG": 4136.552618612531,
    "EZE": 4143.458382583503,
    "CUN": 4625.120911651334,
    "AEP": 2402.5094823383342,
    "SCL": 2855.1561964020784,
    "LIM": 3499.307289492791,
    "PTY": 4764.396823670948,
    "UIO": 4561.286118642344,
    "MVD": 2582.407535363668,
    "SJO": 3011.8415974241434,
    "ASU": 2467.853097727536,
    "SSA": 2559.194883360399,
    "REC": 2164.3476727847947,
    "FOR": 2638.524121581571,
    "NAT": 1955.6659312754073,
    "MCZ": 2010.2736951130976,
    "SLZ": 2872.56568540453,
    "JPA": 1839.6026712590626,
    "THE": 1847.7755408342239,
    "BPS": 2205.259971940556,
    "AJU": 2652.045491373475,
    "IOS": 2506.966416353044,
    "JDO": 2196.294219,
    "PNZ": 2223.337767401647,
    "CPV": 1912.4224595592004,
    "JJD": 3696.614831520577,
    "FLN": 2743.039087226289,
    "BYO": 5489.7921987731015,
    "CGB": 2181.9892883072794,
    "FEN": 4137.655219582686,
    "IGU": 3139.5111834421227,
    "LEC": 6328.0010626111425,
    "MAO": 3963.5603295581695,
    "MGF": 2588.2106983644853,
    "GIG": 1553.6808302087977,
    "VIX": 1990.4849092803106,
    "CTG": 5489.7921987731015,
    "CUZ": 4340.76592461129,
    "LIR": 23347.57554303793,
    "LIS": 5361.89048623509,
    "MAD": 7114.677839001926,
    "MIA": 4056.410937571245,
    "PUJ": 4688.955704660323,
    "PDP": 4752.7904976693135,
    "ADZ": 6046.895846851556
}