{
    "GRU": 1121.8579145641845,
    "CWB": 1618.1772537300149,
    "MEX": 5356.724702002808,
    "BOG": 4180.8883883033095,
    "EZE": 4176.130770969295,
    "CUN": 4880.962968601243,
    "AEP": 2472.7862933587526,
    "SCL": 2866.3176037032567,
    "LIM": 3509.5944560753483,
    "PTY": 3619.9006950047483,
    "UIO": 4434.569243434342,
    "MVD": 2778.2135789992635,
    "SJO": 3600.5178095698698,
    "ASU": 2439.0718199053576,
    "SSA": 2690.10955429527,
    "REC": 2146.037833739875,
    "FOR": 2547.2048262253925,
    "NAT": 2002.89816160412,
    "MCZ": 1932.4149418409252,
    "SLZ": 3042.525653111244,
    "JPA": 1616.415173235935,
    "THE": 1847.7755408342239,
    "BPS": 2398.1915524427045,
    "AJU": 2437.544683477155,
    "IOS": 2449.291886771021,
    "JDO": 2196.294219,
    "PNZ": 2223.337767401647,
    "CPV": 1912.4224595592004,
    "JJD": 3671.0010293330647,
    "FLN": 2684.235952648337,
    "BYO": 5344.977498708942,
    "CGB": 2294.6399554072777,
    "FEN": 4322.970812142617,
    "IGU": 2842.823197115525,
    "LEC": 4843.665598143219,
    "MAO": 3864.8298836818503,
    "MGF": 2678.362351001404,
    "GIG": 1562.3780380841524,
    "VIX": 1932.4149418409252,
    "CTG": 5021.929408127632,
    "CUZ": 3870.7034853287832,
    "LIR": 9436.645877995341,
    "LIS": 6860.366723617632,
    "MAD": 7841.258198655426,
    "MIA": 4117.3947544999655,
    "PUJ": 4798.732545544182,
    "PDP": 4892.710171895109,
    "ADZ": 6061.5568996347565
}