{
    "GRU": 592.9598298914692,
    "CWB": 554.6229220776939,
    "MEX": 4525.16413548264,
    "BOG": 2582.017160260081,
    "EZE": 2122.502646541216,
    "CUN": 3364.019628988236,
    "AEP": 2135.4773121259705,
    "SCL": 1878.4497739809353,
    "LIM": 2665.3837898091783,
    "PTY": 2696.910465913309,
    "UIO": 3824.5321939059277,
    "MVD": 1667.332590981953,
    "SJO": 3757.36921911426,
    "ASU": 2072.423959917709,
    "SSA": 1315.079226689991,
    "REC": 1518.6229623566965,
    "FOR": 1643.8490333624889,
    "NAT": 1859.7216367794126,
    "MCZ": 966.818067193338,
    "SLZ": 1369.7372070492938,
    "JPA": 1133.081655139144,
    "THE": 1847.7755408342239,
    "BPS": 1233.4151550683046,
    "AJU": 1456.3328257710677,
    "IOS": 1383.4163793626315,
    "JDO": 2196.294219,
    "PNZ": 2223.337767401647,
    "CPV": 1912.4224595592004,
    "JJD": 2527.2417621126806,
    "FLN": 528.3800464379428,
    "BYO": 3052.8624905303363,
    "CGB": 1279.8538902607947,
    "FEN": 2434.070747257457,
    "IGU": 1350.3045631191872,
    "LEC": 5835.664068436835,
    "MAO": 2201.583526824762,
    "MGF": 1032.2197751635456,
    "GIG": 622.3142769157994,
    "VIX": 927.6005259688329,
    "CTG": 3165.8771115740074,
    "CUZ": 3234.8600620811835,
    "LIR": 8492.065397456568,
    "LIS": 2841.2756363789645,
    "MAD": 6833.7152672640605,
    "MIA": 2967.4410496895357,
    "PUJ": 2771.0597990967667,
    "PDP": 3651.6932098266716,
    "ADZ": 4356.199938410596
}