{
    "GRU": 1092.48990632952,
    "CWB": 1162.973126092715,
    "MEX": 5797.2448255227755,
    "BOG": 4110.405168540115,
    "EZE": 4275.981998967154,
    "CUN": 5045.423814715364,
    "AEP": 2472.7862933587526,
    "SCL": 2913.30641687872,
    "LIM": 3588.770606276004,
    "PTY": 2979.678115489062,
    "UIO": 4411.07483684661,
    "MVD": 3024.9048481704453,
    "SJO": 3042.525653111244,
    "ASU": 2603.5326660194787,
    "SSA": 2566.7639197096787,
    "REC": 2058.403697167636,
    "FOR": 2582.44643610699,
    "NAT": 1850.1845187838646,
    "MCZ": 1926.5413401939923,
    "SLZ": 3029.3687854221143,
    "JPA": 1616.415173235935,
    "THE": 1847.7755408342239,
    "BPS": 2398.1915524427045,
    "AJU": 2496.280699946484,
    "IOS": 2789.9607822931293,
    "JDO": 2196.294219,
    "PNZ": 2223.337767401647,
    "CPV": 1912.4224595592004,
    "JJD": 3488.919378278145,
    "FLN": 2273.0838373630336,
    "BYO": 5626.910377761722,
    "CGB": 2136.4638630553745,
    "FEN": 4164.383567675429,
    "IGU": 2825.202392174727,
    "LEC": 5125.598477195998,
    "MAO": 3970.5547133266427,
    "MGF": 2543.269513121947,
    "GIG": 1556.5044364372195,
    "VIX": 1938.288543487858,
    "CTG": 4469.810853315939,
    "CUZ": 4117.3947544999655,
    "LIR": 8866.90651824285,
    "LIS": 5650.169840283576,
    "MAD": 8032.150252180745,
    "MIA": 4111.521152853033,
    "PUJ": 4898.583773542042,
    "PDP": 4875.08936695431,
    "ADZ": 5409.587116825204
}