{
    "GRU": 1115.9843129172516,
    "CWB": 1609.3668512596155,
    "MEX": 5691.519995877983,
    "BOG": 4069.2899570115846,
    "EZE": 4228.993185791691,
    "CUN": 5045.423814715364,
    "AEP": 2472.7862933587526,
    "SCL": 2913.30641687872,
    "LIM": 3494.792979925078,
    "PTY": 2979.678115489062,
    "UIO": 5045.423814715364,
    "MVD": 2948.5480267603175,
    "SJO": 3042.525653111244,
    "ASU": 2603.5326660194787,
    "SSA": 2607.879131238209,
    "REC": 2063.102578485182,
    "FOR": 2582.44643610699,
    "NAT": 1850.1845187838646,
    "MCZ": 1926.5413401939923,
    "SLZ": 3029.3687854221143,
    "JPA": 1616.415173235935,
    "THE": 1847.7755408342239,
    "BPS": 2398.1915524427045,
    "AJU": 2496.280699946484,
    "IOS": 2789.9607822931293,
    "JDO": 2196.294219,
    "PNZ": 2223.337767401647,
    "CPV": 1912.4224595592004,
    "JJD": 3518.287386512809,
    "FLN": 2278.9574390099665,
    "BYO": 5192.2638558886865,
    "CGB": 2195.1998795247036,
    "FEN": 4164.383567675429,
    "IGU": 2795.8343839400623,
    "LEC": 5125.598477195998,
    "MAO": 3935.3131034450453,
    "MGF": 2707.7303592360686,
    "GIG": 1556.5044364372195,
    "VIX": 1938.288543487858,
    "CTG": 4469.810853315939,
    "CUZ": 4088.026746265301,
    "LIR": 10507.873346362965,
    "LIS": 5359.426558760398,
    "MAD": 8032.150252180745,
    "MIA": 4111.521152853033,
    "PUJ": 4898.583773542042,
    "PDP": 4875.08936695431,
    "ADZ": 5362.598303649741
}