{
    "GRU": 1479.8523005956881,
    "CWB": 2162.861054716775,
    "MEX": 5396.936693888417,
    "BOG": 4291.9803094436365,
    "EZE": 3489.3574581264725,
    "CUN": 5065.47312928162,
    "AEP": 2518.959635925205,
    "SCL": 3099.8089610110865,
    "LIM": 3572.661175402608,
    "PTY": 3774.644960809357,
    "UIO": 3715.6843760518955,
    "MVD": 2577.336452516751,
    "SJO": 2956.785760361799,
    "ASU": 2913.00314791814,
    "SSA": 3050.9475655239626,
    "REC": 2776.576527543697,
    "FOR": 3019.073823664978,
    "NAT": 2186.2117813533932,
    "MCZ": 2913.00314791814,
    "SLZ": 4074.8769285396775,
    "JPA": 3064.782871056159,
    "THE": 1847.7755408342239,
    "BPS": 2510.611751152614,
    "AJU": 2144.238850224072,
    "IOS": 3632.4974124089426,
    "JDO": 2196.294219,
    "PNZ": 2223.337767401647,
    "CPV": 1912.4224595592004,
    "JJD": 4511.302009378074,
    "FLN": 3057.9527835149484,
    "BYO": 4013.4061406687797,
    "CGB": 2078.915192458132,
    "FEN": 4065.945275601171,
    "IGU": 4275.459670348229,
    "LEC": 5078.432782564943,
    "MAO": 4699.333735619443,
    "MGF": 2521.8784767547822,
    "GIG": 2542.3103625618232,
    "VIX": 2442.1357452907305,
    "CTG": 4956.600366338387,
    "CUZ": 4179.780067954685,
    "LIR": 18479.18129205385,
    "LIS": 4903.769347323037,
    "MAD": 6564.473025719335,
    "MIA": 4550.472853311002,
    "PUJ": 5361.910603933489,
    "PDP": 5639.200482743333,
    "ADZ": 5633.362801084178
}