{
    "GRU": 1731.820492648838,
    "CWB": 3561.0292811768404,
    "MEX": 5015.205656052802,
    "BOG": 5117.900739312208,
    "EZE": 4414.5473042232215,
    "CUN": 4702.221833308205,
    "AEP": 2592.1615280412443,
    "SCL": 3137.419352274892,
    "LIM": 3736.678111828364,
    "PTY": 4217.204793292028,
    "UIO": 4277.095679440472,
    "MVD": 2889.5748867141433,
    "SJO": 3907.1951041341595,
    "ASU": 3337.444415068626,
    "SSA": 4469.947831819154,
    "REC": 3539.8021316558725,
    "FOR": 4332.904421450269,
    "NAT": 2714.6258522006733,
    "MCZ": 3650.603186847737,
    "SLZ": 4563.54556528386,
    "JPA": 4905.337662378342,
    "THE": 1847.7755408342239,
    "BPS": 3382.34800059375,
    "AJU": 3516.4755937207433,
    "IOS": 3685.5929937504307,
    "JDO": 2196.294219,
    "PNZ": 2223.337767401647,
    "CPV": 1912.4224595592004,
    "JJD": 5376.766994047306,
    "FLN": 3892.6160179247036,
    "BYO": 5433.827663037116,
    "CGB": 4983.131666391999,
    "FEN": 5933.688087248518,
    "IGU": 5548.450313249858,
    "LEC": 5959.9342425711275,
    "MAO": 5017.771575225666,
    "MGF": 4595.327973220474,
    "GIG": 2542.592634929095,
    "VIX": 3137.419352274892,
    "CTG": 5118.833800829613,
    "CUZ": 4542.843262866433,
    "LIR": 17156.901916666957,
    "LIS": 4946.742267213197,
    "MAD": 6481.861728724057,
    "MIA": 4901.0222528603435,
    "PUJ": 5989.146931189288,
    "PDP": 4624.4861456393855,
    "ADZ": 6925.124265836352
}