{
    "GRU": 1489.5054627952795,
    "CWB": 2383.208740472447,
    "MEX": 5590.026383902284,
    "BOG": 4789.256564707755,
    "EZE": 4503.563575745728,
    "CUN": 4976.700605104228,
    "AEP": 2546.411809611663,
    "SCL": 3072.470091883596,
    "LIM": 3539.7659233487816,
    "PTY": 4035.9756843858763,
    "UIO": 5181.142531370247,
    "MVD": 3072.470091883596,
    "SJO": 3031.581706630392,
    "ASU": 2913.706333143299,
    "SSA": 2850.504571937633,
    "REC": 2669.4274372448735,
    "FOR": 2862.1869677242626,
    "NAT": 2045.5290902599172,
    "MCZ": 2493.899440550763,
    "SLZ": 4082.99732742706,
    "JPA": 2692.7922288181326,
    "THE": 1847.7755408342239,
    "BPS": 2919.7227669734134,
    "AJU": 2967.328529803929,
    "IOS": 3744.2078496148006,
    "JDO": 2196.294219,
    "PNZ": 2223.337767401647,
    "CPV": 1912.4224595592004,
    "JJD": 4561.975554678876,
    "FLN": 3092.7390485733986,
    "BYO": 4772.258678838209,
    "CGB": 2213.4051177137853,
    "FEN": 4088.838525320375,
    "IGU": 4018.744150600597,
    "LEC": 6289.3930076688675,
    "MAO": 4439.77769475073,
    "MGF": 3586.4955064953006,
    "GIG": 2354.002751005873,
    "VIX": 2502.135529580337,
    "CTG": 5280.326071598733,
    "CUZ": 4252.39206633319,
    "LIR": 11155.636560610512,
    "LIS": 6127.533414045114,
    "MAD": 7540.986480269435,
    "MIA": 5186.983729263561,
    "PUJ": 5852.880289101451,
    "PDP": 4988.383000890857,
    "ADZ": 6131.0965447600365
}