{
    "GRU": 998.0511988272253,
    "CWB": 1162.4361021634743,
    "MEX": 5436.443588905945,
    "BOG": 4343.342690613938,
    "EZE": 3378.0510546658656,
    "CUN": 4912.290582839506,
    "AEP": 2565.9309232907476,
    "SCL": 2911.9611448135515,
    "LIM": 3566.6827312442115,
    "PTY": 2978.3021950885377,
    "UIO": 5741.729837958978,
    "MVD": 3017.63715410114,
    "SJO": 3041.120711720604,
    "ASU": 2558.3574759584703,
    "SSA": 2636.0293427848483,
    "REC": 2113.5201857517714,
    "FOR": 2786.7350738077594,
    "NAT": 1849.3301625328,
    "MCZ": 2037.1986234885128,
    "SLZ": 3140.925831603327,
    "JPA": 1655.590812172221,
    "THE": 1847.7755408342239,
    "BPS": 2397.0841440068007,
    "AJU": 2495.1279970680635,
    "IOS": 2788.672467311365,
    "JDO": 2196.294219,
    "PNZ": 2223.337767401647,
    "CPV": 1912.4224595592004,
    "JJD": 3487.3083064904226,
    "FLN": 2272.034199683154,
    "BYO": 5861.906944076586,
    "CGB": 1980.0748695791663,
    "FEN": 4174.2023668597485,
    "IGU": 2800.4142461210968,
    "LEC": 5835.664068436835,
    "MAO": 3927.625011855375,
    "MGF": 2542.0951123069917,
    "GIG": 1555.7856922894982,
    "VIX": 1937.3935036057903,
    "CTG": 4420.779721864122,
    "CUZ": 4115.493472811088,
    "LIR": 20832.851053167113,
    "LIS": 5549.516918843665,
    "MAD": 7864.056357818049,
    "MIA": 4109.622583406222,
    "PUJ": 5054.835777589653,
    "PDP": 4855.225537824208,
    "ADZ": 5424.701810096213
}