{
    "GRU": 1088.9553450259143,
    "CWB": 1933.3324842171312,
    "MEX": 5404.013690823788,
    "BOG": 4374.281211353561,
    "EZE": 3860.8416778191504,
    "CUN": 4658.632492089472,
    "AEP": 2544.777998803874,
    "SCL": 2160.440818206493,
    "LIM": 3255.2194538475187,
    "PTY": 3418.2133581644994,
    "UIO": 3330.922231843973,
    "MVD": 2632.127358030552,
    "SJO": 3750.1991561320256,
    "ASU": 2624.6153131370575,
    "SSA": 2131.3243651309335,
    "REC": 1688.7542783824338,
    "FOR": 2176.5713332103523,
    "NAT": 1985.7420997531376,
    "MCZ": 1828.513253145118,
    "SLZ": 2108.0312026704864,
    "JPA": 1252.4733454982547,
    "THE": 1847.7755408342239,
    "BPS": 1533.7382822081565,
    "AJU": 2059.5231918466047,
    "IOS": 2568.0711612643217,
    "JDO": 2196.294219,
    "PNZ": 2223.337767401647,
    "CPV": 1912.4224595592004,
    "JJD": 3111.6753401850124,
    "FLN": 2189.557271282052,
    "BYO": 3087.450451226147,
    "CGB": 1786.7020265286149,
    "FEN": 3068.87415416394,
    "IGU": 3226.1030007719596,
    "LEC": 4998.654431105852,
    "MAO": 3115.460479084835,
    "MGF": 2224.4970149727233,
    "GIG": 1624.6980816162036,
    "VIX": 1811.0433812997824,
    "CTG": 4937.917509990237,
    "CUZ": 3295.982488153302,
    "LIR": 5584.535699892255,
    "LIS": 5866.848828912877,
    "MAD": 7430.518824882709,
    "MIA": 4489.757064251229,
    "PUJ": 5060.43954453219,
    "PDP": 4839.154501157939,
    "ADZ": 5671.885059118933
}