{
    "GRU": 1703.5184988898986,
    "CWB": 1270.8926971789738,
    "MEX": 5530.414339778822,
    "BOG": 4145.721616153823,
    "EZE": 4213.096338593311,
    "CUN": 5536.217502779639,
    "AEP": 2604.865776176831,
    "SCL": 2860.9593594028956,
    "LIM": 3496.81192940244,
    "PTY": 3397.577842088465,
    "UIO": 3708.2211575222113,
    "MVD": 2675.258143376744,
    "SJO": 3655.9926905148563,
    "ASU": 2629.181029150255,
    "SSA": 2762.3055883890024,
    "REC": 2394.9653704372718,
    "FOR": 3692.3785225299803,
    "NAT": 3006.038434423326,
    "MCZ": 2321.2652003268927,
    "SLZ": 2083.335517293386,
    "JPA": 2547.4724940987485,
    "THE": 1847.7755408342239,
    "BPS": 2227.6021494937027,
    "AJU": 2356.0841783317965,
    "IOS": 3075.676390433133,
    "JDO": 2196.294219,
    "PNZ": 2223.337767401647,
    "CPV": 1912.4224595592004,
    "JJD": 4189.883686590041,
    "FLN": 2924.794152411885,
    "BYO": 5692.902903801704,
    "CGB": 2965.4162934176056,
    "FEN": 4717.97151966441,
    "IGU": 3969.3634925589868,
    "LEC": 5420.154242763295,
    "MAO": 4068.0172635728795,
    "MGF": 3331.015562469091,
    "GIG": 2303.855711324441,
    "VIX": 2701.894661550495,
    "CTG": 4982.7698473917,
    "CUZ": 3835.89074354019,
    "LIR": 22909.842957886285,
    "LIS": 5186.63496361041,
    "MAD": 7039.236719991302,
    "MIA": 4596.105096647248,
    "PUJ": 5257.665678740413,
    "PDP": 5721.918718805791,
    "ADZ": 6232.597062877708
}